{
    "customerList": [
      {
        "organizationName": "Maruti",
        "usedLicences": 1,
        "availableLicences": 1,
        "status":"Active",
        "id":1
       },
       {
        "organizationName": "Samsung",
        "usedLicences": 2,
        "availableLicences": 3,
        "status":"Active",
        "id":2
        
       },
       {
        "organizationName": "Vivo",
        "usedLicences": 9,
        "availableLicences": 10,
        "status":"Active",
        "id":3
       }
    ]

}  